{
  "norm_stats": {
    "state": {
      "mean": [
        0.03356277197599411,
        -0.1473396271467209,
        0.23976819217205048,
        -0.35553228855133057,
        -0.2600216269493103,
        0.12619580328464508,
        0.22996622323989868,
        0.37722572684288025
      ],
      "std": [
        0.21551157534122467,
        0.25009822845458984,
        0.1968408226966858,
        0.24534957110881805,
        0.1958051174879074,
        0.27194535732269287,
        0.4400949776172638,
        0.4809398055076599
      ],
      "q01": [
        -0.5469986879348755,
        -0.6089741122722625,
        -0.2624767545700073,
        -0.8210038830757141,
        -0.7302321866154671,
        -0.5399329170584679,
        -0.7790732645988464,
        0.0
      ],
      "q99": [
        0.6509020765304565,
        0.5800077593326569,
        0.7228361273765564,
        0.44449341735839853,
        0.23625788816213622,
        0.7388440600514412,
        0.8777470359206201,
        0.9998
      ]
    },
    "actions": {
      "mean": [
        0.03435958921909332,
        -0.0944233238697052,
        0.24064964056015015,
        -0.3311484754085541,
        -0.25858697295188904,
        0.136893168091774,
        0.23018328845500946,
        -0.35440218448638916
      ],
      "std": [
        0.23145084083080292,
        0.2735041081905365,
        0.2094566524028778,
        0.27827489376068115,
        0.20365047454833984,
        0.2875904440879822,
        0.4435357451438904,
        0.9309961795806885
      ],
      "q01": [
        -0.5725587400078773,
        -0.6903267001867295,
        -0.26701519072055824,
        -0.8505752977848053,
        -0.7384787786722183,
        -0.6221059599876404,
        -0.7871129315376282,
        -1.0
      ],
      "q99": [
        0.6847573977708816,
        0.6781759030103685,
        0.7415924771428108,
        0.5109608096122742,
        0.24003839218616485,
        0.7295352254867555,
        0.8836534625053407,
        0.9996
      ]
    }
  }
}